Name,Number,HexColor,CreatedOn,LastModified
Ecru/off-white,Ecru,fff7e7,2025-09-08T00:00:00,2025-09-08T00:00:00
White,Blanc,fcfcff,2025-09-08T00:00:00,2025-09-08T00:00:00
White,White,fcfcff,2025-09-08T00:00:00,2025-09-08T00:00:00
Snow White,B5200,ffffff,2025-09-08T00:00:00,2025-09-08T00:00:00
White Tin,1,efeef0,2025-09-08T00:00:00,2025-09-08T00:00:00
Tin,2,c5c4c9,2025-09-08T00:00:00,2025-09-08T00:00:00
Tin - Medium,3,b0b0b5,2025-09-08T00:00:00,2025-09-08T00:00:00
Tin - Dark,4,9c9b9d,2025-09-08T00:00:00,2025-09-08T00:00:00
Driftwood - Light,5,e3ccbe,2025-09-08T00:00:00,2025-09-08T00:00:00
Driftwood - Medium Light,6,dcc6b8,2025-09-08T00:00:00,2025-09-08T00:00:00
Driftwood,7,ccb8aa,2025-09-08T00:00:00,2025-09-08T00:00:00
Driftwood - Dark,8,9d7d71,2025-09-08T00:00:00,2025-09-08T00:00:00
Cocoa - Very Dark,9,552014,2025-09-08T00:00:00,2025-09-08T00:00:00
Tender Green - Very Light,10,edfed9,2025-09-08T00:00:00,2025-09-08T00:00:00
Tender Green - Light,11,e2edb5,2025-09-08T00:00:00,2025-09-08T00:00:00
Tender Green,12,cdd99a,2025-09-08T00:00:00,2025-09-08T00:00:00
Nile Green - Medium Light,13,bff6e0,2025-09-08T00:00:00,2025-09-08T00:00:00
Apple Green - Pale,14,d0fbb2,2025-09-08T00:00:00,2025-09-08T00:00:00
Apple Green,15,d1eda4,2025-09-08T00:00:00,2025-09-08T00:00:00
Chartreuse - Light,16,a4d67c,2025-09-08T00:00:00,2025-09-08T00:00:00
Yellow Plum - Light,17,e5e272,2025-09-08T00:00:00,2025-09-08T00:00:00
Yellow Plum,18,d9d56d,2025-09-08T00:00:00,2025-09-08T00:00:00
Autumn Gold - Medium Light,19,f7c95f,2025-09-08T00:00:00,2025-09-08T00:00:00
Shrimp,20,f7af93,2025-09-08T00:00:00,2025-09-08T00:00:00
Alizarian - Light,21,d79982,2025-09-08T00:00:00,2025-09-08T00:00:00
Alizarian,22,bc604e,2025-09-08T00:00:00,2025-09-08T00:00:00
Apple Blossom,23,ede2ed,2025-09-08T00:00:00,2025-09-08T00:00:00
White Lavender,24,e0d7ee,2025-09-08T00:00:00,2025-09-08T00:00:00
Lavender - Ultra Light,25,dad2e9,2025-09-08T00:00:00,2025-09-08T00:00:00
Lavender - Pale,26,cfc8de,2025-09-08T00:00:00,2025-09-08T00:00:00
White Violet,27,e9ecfc,2025-09-08T00:00:00,2025-09-08T00:00:00
Eggplant - Medium Light,28,7d4e92,2025-09-08T00:00:00,2025-09-08T00:00:00
Eggplant,29,674076,2025-09-08T00:00:00,2025-09-08T00:00:00
Blueberry - Medium Light,30,6d54d3,2025-09-08T00:00:00,2025-09-08T00:00:00
Blueberry,31,5834a3,2025-09-08T00:00:00,2025-09-08T00:00:00
Blueberry - Dark,32,4d2e8a,2025-09-08T00:00:00,2025-09-08T00:00:00
Fuchsia,33,d9539f,2025-09-08T00:00:00,2025-09-08T00:00:00
Fuchsia - Dark,34,ae4280,2025-09-08T00:00:00,2025-09-08T00:00:00
Fuchsia - Very Dark,35,732b55,2025-09-08T00:00:00,2025-09-08T00:00:00
Red - Bright,150,cf0053,2025-09-08T00:00:00,2025-09-08T00:00:00
Pink,151,ffcbd7,2025-09-08T00:00:00,2025-09-08T00:00:00
Tawny - Dark,152,e1a1a1,2025-09-08T00:00:00,2025-09-08T00:00:00
Lilac,153,eac5eb,2025-09-08T00:00:00,2025-09-08T00:00:00
Red - Very Dark,154,4b233a,2025-09-08T00:00:00,2025-09-08T00:00:00
Forget-me-not Blue,155,9774b6,2025-09-08T00:00:00,2025-09-08T00:00:00
Blue - Medium,156,8577b4,2025-09-08T00:00:00,2025-09-08T00:00:00
Blue - Light,157,b5b8ea,2025-09-08T00:00:00,2025-09-08T00:00:00
Blue - Dark,158,393068,2025-09-08T00:00:00,2025-09-08T00:00:00
Petrol Blue - Light,159,bcb5de,2025-09-08T00:00:00,2025-09-08T00:00:00
Petrol Blue - Medium,160,8178a9,2025-09-08T00:00:00,2025-09-08T00:00:00
Petrol Blue - Dark,161,60568b,2025-09-08T00:00:00,2025-09-08T00:00:00
Baby Blue - Light,162,cae7f0,2025-09-08T00:00:00,2025-09-08T00:00:00
Green,163,557a60,2025-09-08T00:00:00,2025-09-08T00:00:00
Green - Light,164,bae4b6,2025-09-08T00:00:00,2025-09-08T00:00:00
Green - Bright,165,e1f477,2025-09-08T00:00:00,2025-09-08T00:00:00
Lime Green,166,adc238,2025-09-08T00:00:00,2025-09-08T00:00:00
Khaki Brown,167,855d31,2025-09-08T00:00:00,2025-09-08T00:00:00
Silver Gray,168,b1aeb7,2025-09-08T00:00:00,2025-09-08T00:00:00
Pewter Gray,169,827d7d,2025-09-08T00:00:00,2025-09-08T00:00:00
Lavender - Very Dark,208,9442a7,2025-09-08T00:00:00,2025-09-08T00:00:00
Lavender - Dark,209,ba72c6,2025-09-08T00:00:00,2025-09-08T00:00:00
Lavender - Medium,210,d49fe1,2025-09-08T00:00:00,2025-09-08T00:00:00
Lavender - Light,211,e5bded,2025-09-08T00:00:00,2025-09-08T00:00:00
Shell Pink - Very Dark,221,792631,2025-09-08T00:00:00,2025-09-08T00:00:00
Shell Pink - Light,223,bb6864,2025-09-08T00:00:00,2025-09-08T00:00:00
Shell Pink - Very Light,224,e2a598,2025-09-08T00:00:00,2025-09-08T00:00:00
Shell Pink - Ultra Very Light,225,f8d9cd,2025-09-08T00:00:00,2025-09-08T00:00:00
Mahogany - Very Dark,300,6c3116,2025-09-08T00:00:00,2025-09-08T00:00:00
Mahogany - Medium,301,aa5237,2025-09-08T00:00:00,2025-09-08T00:00:00
Red - Medium,304,a10c39,2025-09-08T00:00:00,2025-09-08T00:00:00
Lemon,307,fde949,2025-09-08T00:00:00,2025-09-08T00:00:00
Rose - Dark,309,ba2044,2025-09-08T00:00:00,2025-09-08T00:00:00
Black,310,000000,2025-09-08T00:00:00,2025-09-08T00:00:00
Blue - Medium,311,002a64,2025-09-08T00:00:00,2025-09-08T00:00:00
Baby Blue - Very Dark,312,1f3279,2025-09-08T00:00:00,2025-09-08T00:00:00
Antique Mauve - Medium Dark,315,7d4246,2025-09-08T00:00:00,2025-09-08T00:00:00
Antique Mauve - Medium,316,bc757f,2025-09-08T00:00:00,2025-09-08T00:00:00
Pewter Gray,317,6d6469,2025-09-08T00:00:00,2025-09-08T00:00:00
Steel Gray - Light,318,999b9d,2025-09-08T00:00:00,2025-09-08T00:00:00
Pistachio Green - Very Dark,319,3a553b,2025-09-08T00:00:00,2025-09-08T00:00:00
Pistachio Green - Medium,320,608c59,2025-09-08T00:00:00,2025-09-08T00:00:00
Red,321,bd1136,2025-09-08T00:00:00,2025-09-08T00:00:00
Baby Blue,322,3a609d,2025-09-08T00:00:00,2025-09-08T00:00:00
Rose - Very Dark,326,ac1c37,2025-09-08T00:00:00,2025-09-08T00:00:00
Violet,327,5e0f77,2025-09-08T00:00:00,2025-09-08T00:00:00
Blue Violet - Very Dark,333,6e2e9b,2025-09-08T00:00:00,2025-09-08T00:00:00
Baby Blue - Medium,334,6085b8,2025-09-08T00:00:00,2025-09-08T00:00:00
Rose,335,d63d57,2025-09-08T00:00:00,2025-09-08T00:00:00
Blue,336,0c275e,2025-09-08T00:00:00,2025-09-08T00:00:00
Blue Violet - Medium,340,996dc3,2025-09-08T00:00:00,2025-09-08T00:00:00
Blue Violet - Light,341,a39ad7,2025-09-08T00:00:00,2025-09-08T00:00:00
Salmon - Very Dark,347,ab1b33,2025-09-08T00:00:00,2025-09-08T00:00:00
Coral - Dark,349,c62c38,2025-09-08T00:00:00,2025-09-08T00:00:00
Coral - Medium,350,de3f40,2025-09-08T00:00:00,2025-09-08T00:00:00
Coral,351,ed625b,2025-09-08T00:00:00,2025-09-08T00:00:00
Coral - Light,352,f78372,2025-09-08T00:00:00,2025-09-08T00:00:00
Peach,353,fdb4a1,2025-09-08T00:00:00,2025-09-08T00:00:00
Terra Cotta - Dark,355,97382b,2025-09-08T00:00:00,2025-09-08T00:00:00
Terra Cotta - Medium,356,be5c4b,2025-09-08T00:00:00,2025-09-08T00:00:00
Pistachio Green - Dark,367,446b45,2025-09-08T00:00:00,2025-09-08T00:00:00
Pistachio Green - Light,368,7fc66d,2025-09-08T00:00:00,2025-09-08T00:00:00
Pistachio Green - Very Light,369,cdefa6,2025-09-08T00:00:00,2025-09-08T00:00:00
Mustard - Medium,370,917245,2025-09-08T00:00:00,2025-09-08T00:00:00
Mustard,371,9f8352,2025-09-08T00:00:00,2025-09-08T00:00:00
Mustard - Light,372,ad9564,2025-09-08T00:00:00,2025-09-08T00:00:00
Mahogany - Dark,400,813718,2025-09-08T00:00:00,2025-09-08T00:00:00
Mahogany - Very Light,402,ef9e74,2025-09-08T00:00:00,2025-09-08T00:00:00
Desert Sand - Dark,407,b77159,2025-09-08T00:00:00,2025-09-08T00:00:00
Pewter Gray - Dark,413,4a4749,2025-09-08T00:00:00,2025-09-08T00:00:00
Steel Gray - Dark,414,766e72,2025-09-08T00:00:00,2025-09-08T00:00:00
Pearl Gray,415,b8b9bd,2025-09-08T00:00:00,2025-09-08T00:00:00
Hazelnut Brown - Dark,420,855a30,2025-09-08T00:00:00,2025-09-08T00:00:00
Hazelnut Brown - Light,422,c99a67,2025-09-08T00:00:00,2025-09-08T00:00:00
Brown - Medium,433,73421e,2025-09-08T00:00:00,2025-09-08T00:00:00
Brown - Light,434,8f5332,2025-09-08T00:00:00,2025-09-08T00:00:00
Brown - Very Light,435,a96538,2025-09-08T00:00:00,2025-09-08T00:00:00
Tan,436,c78559,2025-09-08T00:00:00,2025-09-08T00:00:00
Tan - Light,437,daa26f,2025-09-08T00:00:00,2025-09-08T00:00:00
Lemon - Dark,444,f5bc13,2025-09-08T00:00:00,2025-09-08T00:00:00
Lemon - Light,445,fcf999,2025-09-08T00:00:00,2025-09-08T00:00:00
Shell Gray - Dark,451,887773,2025-09-08T00:00:00,2025-09-08T00:00:00
Shell Gray - Medium,452,ad9994,2025-09-08T00:00:00,2025-09-08T00:00:00
Shell Gray - Light,453,ccb8aa,2025-09-08T00:00:00,2025-09-08T00:00:00
Avocado Green,469,5b6533,2025-09-08T00:00:00,2025-09-08T00:00:00
Avocado Green - Light,470,72813e,2025-09-08T00:00:00,2025-09-08T00:00:00
Avocado Green - Very Light,471,9eb357,2025-09-08T00:00:00,2025-09-08T00:00:00
Avocado Green - Ultra Light,472,d1de75,2025-09-08T00:00:00,2025-09-08T00:00:00
Red - Dark,498,970b2c,2025-09-08T00:00:00,2025-09-08T00:00:00
Blue Green - Very Dark,500,1d362a,2025-09-08T00:00:00,2025-09-08T00:00:00
Blue Green - Dark,501,2f5446,2025-09-08T00:00:00,2025-09-08T00:00:00
Blue Green,502,57826e,2025-09-08T00:00:00,2025-09-08T00:00:00
Blue Green - Medium,503,89b89f,2025-09-08T00:00:00,2025-09-08T00:00:00
Blue Green - Very Light,504,acdac1,2025-09-08T00:00:00,2025-09-08T00:00:00
Grass Green - Dark,505,338362,2025-09-08T00:00:00,2025-09-08T00:00:00
Wedgewood - Dark,517,216285,2025-09-08T00:00:00,2025-09-08T00:00:00
Wedgewood - Light,518,50819c,2025-09-08T00:00:00,2025-09-08T00:00:00
Sky Blue,519,94b7cb,2025-09-08T00:00:00,2025-09-08T00:00:00
Fern Green - Dark,520,384526,2025-09-08T00:00:00,2025-09-08T00:00:00
Fern Green,522,808b6e,2025-09-08T00:00:00,2025-09-08T00:00:00
Fern Green - Light,523,959f7a,2025-09-08T00:00:00,2025-09-08T00:00:00
Fern Green - Very Light,524,aea78e,2025-09-08T00:00:00,2025-09-08T00:00:00
Ash Gray - Very Light,535,4b4b49,2025-09-08T00:00:00,2025-09-08T00:00:00
Beige Brown - Ultra Very Light,543,ead0b5,2025-09-08T00:00:00,2025-09-08T00:00:00
Violet - Very Dark,550,580e5c,2025-09-08T00:00:00,2025-09-08T00:00:00
Violet - Medium,552,902f99,2025-09-08T00:00:00,2025-09-08T00:00:00
Violet,553,a449ac,2025-09-08T00:00:00,2025-09-08T00:00:00
Violet - Light,554,dc9cde,2025-09-08T00:00:00,2025-09-08T00:00:00
Jade - Very Dark,561,285e48,2025-09-08T00:00:00,2025-09-08T00:00:00
Jade - Medium,562,3b8c5a,2025-09-08T00:00:00,2025-09-08T00:00:00
Jade - Light,563,6ed39a,2025-09-08T00:00:00,2025-09-08T00:00:00
Jade - Very Light,564,95e4af,2025-09-08T00:00:00,2025-09-08T00:00:00
Moss Green - Dark,580,355f0b,2025-09-08T00:00:00,2025-09-08T00:00:00
Moss Green,581,838a29,2025-09-08T00:00:00,2025-09-08T00:00:00
Turquoise,597,52adab,2025-09-08T00:00:00,2025-09-08T00:00:00
Turquoise - Light,598,97d8d3,2025-09-08T00:00:00,2025-09-08T00:00:00
Cranberry - Very Dark,600,bf1c48,2025-09-08T00:00:00,2025-09-08T00:00:00
Cranberry - Dark,601,c62a53,2025-09-08T00:00:00,2025-09-08T00:00:00
Cranberry - Medium,602,d63f68,2025-09-08T00:00:00,2025-09-08T00:00:00
Cranberry - Light Medium,603,fb3b7c,2025-09-08T00:00:00,2025-09-08T00:00:00
Cranberry - Light,604,f793b2,2025-09-08T00:00:00,2025-09-08T00:00:00
Cranberry - Very Light,605,fbacc4,2025-09-08T00:00:00,2025-09-08T00:00:00
Orange-red - Bright,606,f70f00,2025-09-08T00:00:00,2025-09-08T00:00:00
Orange - Bright,608,fd480c,2025-09-08T00:00:00,2025-09-08T00:00:00
Drab Brown - Dark,610,6b5039,2025-09-08T00:00:00,2025-09-08T00:00:00
Drab Brown,611,7c5f46,2025-09-08T00:00:00,2025-09-08T00:00:00
Drab Brown - Light,612,a6885e,2025-09-08T00:00:00,2025-09-08T00:00:00
Drab Brown - Very Light,613,b99f72,2025-09-08T00:00:00,2025-09-08T00:00:00
Desert Sand - Ultra Very Dark,632,7f4232,2025-09-08T00:00:00,2025-09-08T00:00:00
Beige Gray - Very Dark,640,817868,2025-09-08T00:00:00,2025-09-08T00:00:00
Beige Gray - Dark,642,958d79,2025-09-08T00:00:00,2025-09-08T00:00:00
Beige Gray - Medium,644,c4bea6,2025-09-08T00:00:00,2025-09-08T00:00:00
Beaver Gray - Very Dark,645,5d5d54,2025-09-08T00:00:00,2025-09-08T00:00:00
Beaver Gray - Dark,646,6b6860,2025-09-08T00:00:00,2025-09-08T00:00:00
Beaver Gray - Medium,647,908e85,2025-09-08T00:00:00,2025-09-08T00:00:00
Beaver Gray - Light,648,a7a69f,2025-09-08T00:00:00,2025-09-08T00:00:00
Red - Bright,666,ce1b33,2025-09-08T00:00:00,2025-09-08T00:00:00
Old Gold - Light,676,ecbf7d,2025-09-08T00:00:00,2025-09-08T00:00:00
Old Gold - Very Light,677,f2dc9f,2025-09-08T00:00:00,2025-09-08T00:00:00
Old Gold - Dark,680,b07b46,2025-09-08T00:00:00,2025-09-08T00:00:00
Green,699,075b26,2025-09-08T00:00:00,2025-09-08T00:00:00
Green - Bright,700,076c34,2025-09-08T00:00:00,2025-09-08T00:00:00
Green - Light,701,217c36,2025-09-08T00:00:00,2025-09-08T00:00:00
Kelly Green,702,379130,2025-09-08T00:00:00,2025-09-08T00:00:00
Chartreuse,703,63b330,2025-09-08T00:00:00,2025-09-08T00:00:00
Chartreuse - Bright,704,88c53a,2025-09-08T00:00:00,2025-09-08T00:00:00
Cream,712,f6efda,2025-09-08T00:00:00,2025-09-08T00:00:00
Plum,718,cb2089,2025-09-08T00:00:00,2025-09-08T00:00:00
Orange Spice - Dark,720,c83a24,2025-09-08T00:00:00,2025-09-08T00:00:00
Orange Spice - Medium,721,f46440,2025-09-08T00:00:00,2025-09-08T00:00:00
Orange Spice - Light,722,f98756,2025-09-08T00:00:00,2025-09-08T00:00:00
Winnie The Pooh Gold,724,f9d039,2025-09-08T00:00:00,2025-09-08T00:00:00
Topaz,725,f9c15b,2025-09-08T00:00:00,2025-09-08T00:00:00
Topaz - Light,726,fddb63,2025-09-08T00:00:00,2025-09-08T00:00:00
Topaz - Very Light,727,fde98b,2025-09-08T00:00:00,2025-09-08T00:00:00
Golden Yellow,728,f2ae3f,2025-09-08T00:00:00,2025-09-08T00:00:00
Old Gold - Medium,729,ce9657,2025-09-08T00:00:00,2025-09-08T00:00:00
Olive Green - Very Dark,730,63520b,2025-09-08T00:00:00,2025-09-08T00:00:00
Olive Green - Dark,731,6b580b,2025-09-08T00:00:00,2025-09-08T00:00:00
Olive Green,732,725c0c,2025-09-08T00:00:00,2025-09-08T00:00:00
Olive Green - Medium,733,a78a44,2025-09-08T00:00:00,2025-09-08T00:00:00
Olive Green - Light,734,bb9c54,2025-09-08T00:00:00,2025-09-08T00:00:00
Tan - Very Light,738,e2b783,2025-09-08T00:00:00,2025-09-08T00:00:00
Tan - Ultra Very Light,739,f2deb9,2025-09-08T00:00:00,2025-09-08T00:00:00
Tangerine,740,fd6f1a,2025-09-08T00:00:00,2025-09-08T00:00:00
Tangerine - Medium,741,fc8b10,2025-09-08T00:00:00,2025-09-08T00:00:00
Tangerine - Light,742,fdae3c,2025-09-08T00:00:00,2025-09-08T00:00:00
Yellow - Medium,743,fdd769,2025-09-08T00:00:00,2025-09-08T00:00:00
Yellow - Pale,744,fee88d,2025-09-08T00:00:00,2025-09-08T00:00:00
Yellow - Light Pale,745,feeba5,2025-09-08T00:00:00,2025-09-08T00:00:00
Off White,746,faf2d5,2025-09-08T00:00:00,2025-09-08T00:00:00
Sky Blue - Very Light,747,cee9ea,2025-09-08T00:00:00,2025-09-08T00:00:00
Peach - Light,754,f7c9b0,2025-09-08T00:00:00,2025-09-08T00:00:00
Terra Cotta - Very Light,758,e99f83,2025-09-08T00:00:00,2025-09-08T00:00:00
Salmon,760,ec8880,2025-09-08T00:00:00,2025-09-08T00:00:00
Salmon - Light,761,f8b4ad,2025-09-08T00:00:00,2025-09-08T00:00:00
Pearl Gray - Very Light,762,d1d0d2,2025-09-08T00:00:00,2025-09-08T00:00:00
Yellow Green - Very Light,772,d7efa7,2025-09-08T00:00:00,2025-09-08T00:00:00
Baby Blue - Very Light,775,d4e3ef,2025-09-08T00:00:00,2025-09-08T00:00:00
Pink - Medium,776,fca8ad,2025-09-08T00:00:00,2025-09-08T00:00:00
Red - Deep,777,9b0042,2025-09-08T00:00:00,2025-09-08T00:00:00
Antique Mauve - Very Light,778,dca6a4,2025-09-08T00:00:00,2025-09-08T00:00:00
Brown,779,53332d,2025-09-08T00:00:00,2025-09-08T00:00:00
Topaz - Ultra Very Dark,780,945026,2025-09-08T00:00:00,2025-09-08T00:00:00
Topaz - Very Dark,781,a25f1f,2025-09-08T00:00:00,2025-09-08T00:00:00
Topaz - Dark,782,b26923,2025-09-08T00:00:00,2025-09-08T00:00:00
Topaz - Medium,783,d0883d,2025-09-08T00:00:00,2025-09-08T00:00:00
Cornflower Blue - Very Dark,791,2d2068,2025-09-08T00:00:00,2025-09-08T00:00:00
Cornflower Blue - Dark,792,454b8b,2025-09-08T00:00:00,2025-09-08T00:00:00
Cornflower Blue - Medium,793,7c82b5,2025-09-08T00:00:00,2025-09-08T00:00:00
Cornflower Blue - Light,794,a0b2d7,2025-09-08T00:00:00,2025-09-08T00:00:00
Royal Blue - Dark,796,272276,2025-09-08T00:00:00,2025-09-08T00:00:00
Royal Blue,797,2b3288,2025-09-08T00:00:00,2025-09-08T00:00:00
Delft Blue - Dark,798,4e5ca7,2025-09-08T00:00:00,2025-09-08T00:00:00
Delft Blue - Medium,799,6b7fc0,2025-09-08T00:00:00,2025-09-08T00:00:00
Delft Blue - Pale,800,b5c7e9,2025-09-08T00:00:00,2025-09-08T00:00:00
Coffee Brown - Dark,801,60391d,2025-09-08T00:00:00,2025-09-08T00:00:00
Blue - Deep,803,202754,2025-09-08T00:00:00,2025-09-08T00:00:00
Peacock Blue - Dark,806,1d6c87,2025-09-08T00:00:00,2025-09-08T00:00:00
Peacock Blue,807,558b9e,2025-09-08T00:00:00,2025-09-08T00:00:00
Delft Blue,809,919fd5,2025-09-08T00:00:00,2025-09-08T00:00:00
Blue - Light,813,7fa0c6,2025-09-08T00:00:00,2025-09-08T00:00:00
Garnet - Dark,814,711033,2025-09-08T00:00:00,2025-09-08T00:00:00
Garnet - Medium,815,800b34,2025-09-08T00:00:00,2025-09-08T00:00:00
Garnet,816,921238,2025-09-08T00:00:00,2025-09-08T00:00:00
Coral Red - Very Dark,817,bb1630,2025-09-08T00:00:00,2025-09-08T00:00:00
Baby Pink,818,fededd,2025-09-08T00:00:00,2025-09-08T00:00:00
Baby Pink - Light,819,fcebde,2025-09-08T00:00:00,2025-09-08T00:00:00
Royal Blue - Very Dark,820,151264,2025-09-08T00:00:00,2025-09-08T00:00:00
Beige Gray - Light,822,e8dfc7,2025-09-08T00:00:00,2025-09-08T00:00:00
Blue - Dark,823,000b44,2025-09-08T00:00:00,2025-09-08T00:00:00
Blue - Very Dark,824,284779,2025-09-08T00:00:00,2025-09-08T00:00:00
Blue - Dark,825,34588f,2025-09-08T00:00:00,2025-09-08T00:00:00
Blue - Medium,826,5075a7,2025-09-08T00:00:00,2025-09-08T00:00:00
Blue - Very Light,827,a4c1de,2025-09-08T00:00:00,2025-09-08T00:00:00
Blue - Ultra Very Light,828,c3d7e6,2025-09-08T00:00:00,2025-09-08T00:00:00
Golden Olive - Very Dark,829,64480c,2025-09-08T00:00:00,2025-09-08T00:00:00
Golden Olive - Dark,830,6e501d,2025-09-08T00:00:00,2025-09-08T00:00:00
Golden Olive - Medium,831,7c5f20,2025-09-08T00:00:00,2025-09-08T00:00:00
Golden Olive,832,9c7230,2025-09-08T00:00:00,2025-09-08T00:00:00
Golden Olive - Light,833,b99956,2025-09-08T00:00:00,2025-09-08T00:00:00
Golden Olive - Very Light,834,d2b468,2025-09-08T00:00:00,2025-09-08T00:00:00
Beige Brown - Very Dark,838,4a3021,2025-09-08T00:00:00,2025-09-08T00:00:00
Beige Brown - Dark,839,5a3c2d,2025-09-08T00:00:00,2025-09-08T00:00:00
Beige Brown - Medium,840,7a5939,2025-09-08T00:00:00,2025-09-08T00:00:00
Beige Brown - Light,841,a37d64,2025-09-08T00:00:00,2025-09-08T00:00:00
Beige Brown - Very Light,842,cbb094,2025-09-08T00:00:00,2025-09-08T00:00:00
Beaver Gray - Ultra Dark,844,494842,2025-09-08T00:00:00,2025-09-08T00:00:00
Hazel Nut Brown,868,995c30,2025-09-08T00:00:00,2025-09-08T00:00:00
Hazelnut Brown - Very Dark,869,784c28,2025-09-08T00:00:00,2025-09-08T00:00:00
Pistachio Green - Ultra Dark,890,324233,2025-09-08T00:00:00,2025-09-08T00:00:00
Carnation - Dark,891,ee3246,2025-09-08T00:00:00,2025-09-08T00:00:00
Carnation - Medium,892,f44753,2025-09-08T00:00:00,2025-09-08T00:00:00
Carnation - Light,893,f66879,2025-09-08T00:00:00,2025-09-08T00:00:00
Carnation - Very Light,894,fd95a3,2025-09-08T00:00:00,2025-09-08T00:00:00
Hunter Green - Very Dark,895,344b2e,2025-09-08T00:00:00,2025-09-08T00:00:00
Coffee Brown - Very Dark,898,532f1b,2025-09-08T00:00:00,2025-09-08T00:00:00
Rose - Medium,899,ea6b78,2025-09-08T00:00:00,2025-09-08T00:00:00
Burnt Orange - Dark,900,c63117,2025-09-08T00:00:00,2025-09-08T00:00:00
Garnet - Very Dark,902,651329,2025-09-08T00:00:00,2025-09-08T00:00:00
Parrot Green - Very Dark,904,286324,2025-09-08T00:00:00,2025-09-08T00:00:00
Parrot Green - Dark,905,467924,2025-09-08T00:00:00,2025-09-08T00:00:00
Parrot Green - Medium,906,9c9e29,2025-09-08T00:00:00,2025-09-08T00:00:00
Parrot Green - Light,907,9dc72d,2025-09-08T00:00:00,2025-09-08T00:00:00
Emerald Green - Very Dark,909,106b43,2025-09-08T00:00:00,2025-09-08T00:00:00
Emerald Green - Dark,910,10814e,2025-09-08T00:00:00,2025-09-08T00:00:00
Emerald Green - Medium,911,109256,2025-09-08T00:00:00,2025-09-08T00:00:00
Emerald Green - Light,912,36b26b,2025-09-08T00:00:00,2025-09-08T00:00:00
Nile Green - Medium,913,55ca7d,2025-09-08T00:00:00,2025-09-08T00:00:00
Plum - Dark,915,95085a,2025-09-08T00:00:00,2025-09-08T00:00:00
Plum - Medium,917,ac1071,2025-09-08T00:00:00,2025-09-08T00:00:00
Red Copper - Dark,918,883630,2025-09-08T00:00:00,2025-09-08T00:00:00
Red Copper,919,9b371b,2025-09-08T00:00:00,2025-09-08T00:00:00
Copper - Medium,920,ab4836,2025-09-08T00:00:00,2025-09-08T00:00:00
Copper,921,c0573d,2025-09-08T00:00:00,2025-09-08T00:00:00
Copper - Light,922,dd6e4c,2025-09-08T00:00:00,2025-09-08T00:00:00
Gray Green - Very Dark,924,384a4a,2025-09-08T00:00:00,2025-09-08T00:00:00
Gray Green - Medium,926,617674,2025-09-08T00:00:00,2025-09-08T00:00:00
Gray Green - Light,927,9fa8a5,2025-09-08T00:00:00,2025-09-08T00:00:00
Gray Green - Very Light,928,c0c6c0,2025-09-08T00:00:00,2025-09-08T00:00:00
Antique Blue - Dark,930,495c6b,2025-09-08T00:00:00,2025-09-08T00:00:00
Antique Blue - Medium,931,667684,2025-09-08T00:00:00,2025-09-08T00:00:00
Antique Blue - Light,932,93a0af,2025-09-08T00:00:00,2025-09-08T00:00:00
Avocado Green - BLACK,934,323324,2025-09-08T00:00:00,2025-09-08T00:00:00
Avocado Green - Dark,935,383a2a,2025-09-08T00:00:00,2025-09-08T00:00:00
Avocado Green - Very Dark,936,3f4227,2025-09-08T00:00:00,2025-09-08T00:00:00
Avocado Green - Medium,937,434f2c,2025-09-08T00:00:00,2025-09-08T00:00:00
Coffee Brown - Ultra Dark,938,45271a,2025-09-08T00:00:00,2025-09-08T00:00:00
Blue - Very Dark,939,09092f,2025-09-08T00:00:00,2025-09-08T00:00:00
Aquamarine - Medium,943,009a77,2025-09-08T00:00:00,2025-09-08T00:00:00
Tawny,945,f6c19a,2025-09-08T00:00:00,2025-09-08T00:00:00
Burnt Orange - Medium,946,ed4115,2025-09-08T00:00:00,2025-09-08T00:00:00
Burnt Orange,947,fc4f16,2025-09-08T00:00:00,2025-09-08T00:00:00
Peach - Very Light,948,fde6d3,2025-09-08T00:00:00,2025-09-08T00:00:00
Desert Sand - Light,950,e5ac8d,2025-09-08T00:00:00,2025-09-08T00:00:00
Tawny - Light,951,faddb6,2025-09-08T00:00:00,2025-09-08T00:00:00
Nile Green,954,6fda8a,2025-09-08T00:00:00,2025-09-08T00:00:00
Nile Green - Light,955,a8ebad,2025-09-08T00:00:00,2025-09-08T00:00:00
Geranium,956,f7566d,2025-09-08T00:00:00,2025-09-08T00:00:00
Geranium - Pale,957,fd99af,2025-09-08T00:00:00,2025-09-08T00:00:00
Seagreen - Dark,958,0db294,2025-09-08T00:00:00,2025-09-08T00:00:00
Seagreen - Medium,959,72d0b7,2025-09-08T00:00:00,2025-09-08T00:00:00
Dusty Rose - Dark,961,de586c,2025-09-08T00:00:00,2025-09-08T00:00:00
Dusty Rose - Medium,962,eb7183,2025-09-08T00:00:00,2025-09-08T00:00:00
Dusty Rose - Ultra Very Light,963,fdccd1,2025-09-08T00:00:00,2025-09-08T00:00:00
Seagreen - Light,964,a5e4d4,2025-09-08T00:00:00,2025-09-08T00:00:00
Baby Green - Medium,966,94d28a,2025-09-08T00:00:00,2025-09-08T00:00:00
Peach - Light,967,ffc2ac,2025-09-08T00:00:00,2025-09-08T00:00:00
Pumpkin - Light,970,fb6721,2025-09-08T00:00:00,2025-09-08T00:00:00
Pumpkin,971,fc670d,2025-09-08T00:00:00,2025-09-08T00:00:00
Canary - Deep,972,fb9f11,2025-09-08T00:00:00,2025-09-08T00:00:00
Canary - Bright,973,fccd2d,2025-09-08T00:00:00,2025-09-08T00:00:00
Winnie The Pooh Gold 2,974,f9c739,2025-09-08T00:00:00,2025-09-08T00:00:00
Golden Brown - Dark,975,813c11,2025-09-08T00:00:00,2025-09-08T00:00:00
Golden Brown - Medium,976,cf7532,2025-09-08T00:00:00,2025-09-08T00:00:00
Golden Brown - Light,977,ec8f43,2025-09-08T00:00:00,2025-09-08T00:00:00
Forest Green - Very Dark,986,2e5230,2025-09-08T00:00:00,2025-09-08T00:00:00
Forest Green - Dark,987,436838,2025-09-08T00:00:00,2025-09-08T00:00:00
Forest Green - Medium,988,66924a,2025-09-08T00:00:00,2025-09-08T00:00:00
Forest Green,989,71a74e,2025-09-08T00:00:00,2025-09-08T00:00:00
Aquamarine - Dark,991,135f55,2025-09-08T00:00:00,2025-09-08T00:00:00
Aquamarine - Light,992,42b59e,2025-09-08T00:00:00,2025-09-08T00:00:00
Aquamarine - Very Light,993,62d8b6,2025-09-08T00:00:00,2025-09-08T00:00:00
Electric Blue - Dark,995,0061b0,2025-09-08T00:00:00,2025-09-08T00:00:00
Electric Blue - Medium,996,49a8eb,2025-09-08T00:00:00,2025-09-08T00:00:00
Khaki Green - Dark,3011,655935,2025-09-08T00:00:00,2025-09-08T00:00:00
Khaki Green - Medium,3012,8b7b4e,2025-09-08T00:00:00,2025-09-08T00:00:00
Khaki Green - Light,3013,afa97b,2025-09-08T00:00:00,2025-09-08T00:00:00
Brown Gray - Very Dark,3021,50403b,2025-09-08T00:00:00,2025-09-08T00:00:00
Brown Gray - Medium,3022,848274,2025-09-08T00:00:00,2025-09-08T00:00:00
Brown Gray - Light,3023,a29b86,2025-09-08T00:00:00,2025-09-08T00:00:00
Brown Gray - Very Light,3024,beb8ac,2025-09-08T00:00:00,2025-09-08T00:00:00
Mocha Brown - Very Dark,3031,423014,2025-09-08T00:00:00,2025-09-08T00:00:00
Mocha Brown - Medium,3032,9d8868,2025-09-08T00:00:00,2025-09-08T00:00:00
Mocha Brown - Very Light,3033,dbc7ad,2025-09-08T00:00:00,2025-09-08T00:00:00
Antique Violet - Medium,3041,866a76,2025-09-08T00:00:00,2025-09-08T00:00:00
Antique Violet - Light,3042,af98a0,2025-09-08T00:00:00,2025-09-08T00:00:00
Yellow Beige - Dark,3045,af8152,2025-09-08T00:00:00,2025-09-08T00:00:00
Yellow Beige - Medium,3046,ceb074,2025-09-08T00:00:00,2025-09-08T00:00:00
Yellow Beige - Light,3047,ead8ab,2025-09-08T00:00:00,2025-09-08T00:00:00
Green Gray - Dark,3051,4c4c1e,2025-09-08T00:00:00,2025-09-08T00:00:00
Green Gray - Medium,3052,787e5c,2025-09-08T00:00:00,2025-09-08T00:00:00
Green Gray,3053,999d75,2025-09-08T00:00:00,2025-09-08T00:00:00
Desert Sand,3064,ba7056,2025-09-08T00:00:00,2025-09-08T00:00:00
Beaver Gray - Very Light,3072,d2d2ca,2025-09-08T00:00:00,2025-09-08T00:00:00
Golden Yellow - Very Light,3078,fcf6b6,2025-09-08T00:00:00,2025-09-08T00:00:00
Baby Blue - Light,3325,abcde7,2025-09-08T00:00:00,2025-09-08T00:00:00
Rose - Light,3326,f9979c,2025-09-08T00:00:00,2025-09-08T00:00:00
Salmon - Dark,3328,be444a,2025-09-08T00:00:00,2025-09-08T00:00:00
Apricot - Medium,3340,fd6b4f,2025-09-08T00:00:00,2025-09-08T00:00:00
Apricot,3341,fd8e78,2025-09-08T00:00:00,2025-09-08T00:00:00
Hunter Green - Dark,3345,40552e,2025-09-08T00:00:00,2025-09-08T00:00:00
Hunter Green,3346,56743b,2025-09-08T00:00:00,2025-09-08T00:00:00
Yellow Green - Medium,3347,6d9646,2025-09-08T00:00:00,2025-09-08T00:00:00
Yellow Green - Light,3348,bedf74,2025-09-08T00:00:00,2025-09-08T00:00:00
Dusty Rose - Ultra Dark,3350,aa3949,2025-09-08T00:00:00,2025-09-08T00:00:00
Dusty Rose - Light,3354,efa5ac,2025-09-08T00:00:00,2025-09-08T00:00:00
Pine Green - Dark,3362,49523c,2025-09-08T00:00:00,2025-09-08T00:00:00
Pine Green - Medium,3363,617451,2025-09-08T00:00:00,2025-09-08T00:00:00
Pine Green,3364,8e9b6d,2025-09-08T00:00:00,2025-09-08T00:00:00
Black Brown,3371,36220e,2025-09-08T00:00:00,2025-09-08T00:00:00
Plum - Light,3607,d94c9d,2025-09-08T00:00:00,2025-09-08T00:00:00
Plum - Very Light,3608,ec81be,2025-09-08T00:00:00,2025-09-08T00:00:00
Plum - Ultra Light,3609,f6b0df,2025-09-08T00:00:00,2025-09-08T00:00:00
Garnet - Extremely Dark,3684,4c1329,2025-09-08T00:00:00,2025-09-08T00:00:00
Mauve - Very Dark,3685,79263b,2025-09-08T00:00:00,2025-09-08T00:00:00
Mauve,3687,b5455d,2025-09-08T00:00:00,2025-09-08T00:00:00
Mauve - Medium,3688,dc7c86,2025-09-08T00:00:00,2025-09-08T00:00:00
Mauve - Light,3689,f8bbc8,2025-09-08T00:00:00,2025-09-08T00:00:00
Melon - Dark,3705,f2494f,2025-09-08T00:00:00,2025-09-08T00:00:00
Melon - Medium,3706,fd6e70,2025-09-08T00:00:00,2025-09-08T00:00:00
Melon - Light,3708,fda0ae,2025-09-08T00:00:00,2025-09-08T00:00:00
Salmon - Medium,3712,d95d5d,2025-09-08T00:00:00,2025-09-08T00:00:00
Salmon - Very Light,3713,fdd5d0,2025-09-08T00:00:00,2025-09-08T00:00:00
Dusty Rose - Very Light,3716,fcafb9,2025-09-08T00:00:00,2025-09-08T00:00:00
Shell Pink - Dark,3721,933b3d,2025-09-08T00:00:00,2025-09-08T00:00:00
Shell Pink - Medium,3722,a04b4c,2025-09-08T00:00:00,2025-09-08T00:00:00
Antique Mauve - Dark,3726,95565c,2025-09-08T00:00:00,2025-09-08T00:00:00
Antique Mauve - Light,3727,da9ea6,2025-09-08T00:00:00,2025-09-08T00:00:00
Dusty Rose - Very Dark,3731,c34c5c,2025-09-08T00:00:00,2025-09-08T00:00:00
Dusty Rose,3733,ea7e86,2025-09-08T00:00:00,2025-09-08T00:00:00
Antique Violet - Dark,3740,71535d,2025-09-08T00:00:00,2025-09-08T00:00:00
Antique Violet - Very Light,3743,cfc2c9,2025-09-08T00:00:00,2025-09-08T00:00:00
Blue Violet - Dark,3746,844ab5,2025-09-08T00:00:00,2025-09-08T00:00:00
Blue Violet - Very Light,3747,d0c5ec,2025-09-08T00:00:00,2025-09-08T00:00:00
Antique Blue - Very Dark,3750,1d4552,2025-09-08T00:00:00,2025-09-08T00:00:00
Antique Blue - Very Light,3752,bac9cc,2025-09-08T00:00:00,2025-09-08T00:00:00
Antique Blue - Ultra Very Light,3753,d9e6ec,2025-09-08T00:00:00,2025-09-08T00:00:00
Baby Blue,3755,81a5d8,2025-09-08T00:00:00,2025-09-08T00:00:00
Baby Blue - Light,3756,e9f4fa,2025-09-08T00:00:00,2025-09-08T00:00:00
Wedgewood - Medium,3760,467293,2025-09-08T00:00:00,2025-09-08T00:00:00
Sky Blue - Light,3761,b1d0df,2025-09-08T00:00:00,2025-09-08T00:00:00
Peacock Blue - Very Dark,3765,175e78,2025-09-08T00:00:00,2025-09-08T00:00:00
Peacock Blue - Light,3766,fb8aa1,2025-09-08T00:00:00,2025-09-08T00:00:00
Gray Green - Dark,3768,4c605f,2025-09-08T00:00:00,2025-09-08T00:00:00
Tawny - Very Light,3770,fef1d8,2025-09-08T00:00:00,2025-09-08T00:00:00
Peach - Dark,3771,e8ac9b,2025-09-08T00:00:00,2025-09-08T00:00:00
Desert Sand - Very Dark,3772,995744,2025-09-08T00:00:00,2025-09-08T00:00:00
Desert Sand - Medium,3773,cf866d,2025-09-08T00:00:00,2025-09-08T00:00:00
Desert Sand - Very Light,3774,f3cfb4,2025-09-08T00:00:00,2025-09-08T00:00:00
Mahogany - Light,3776,c96444,2025-09-08T00:00:00,2025-09-08T00:00:00
Terra Cotta - Very Dark,3777,922f25,2025-09-08T00:00:00,2025-09-08T00:00:00
Terra Cotta - Light,3778,d2705c,2025-09-08T00:00:00,2025-09-08T00:00:00
Terra Cotta - Ultra Very Light,3779,f2ab95,2025-09-08T00:00:00,2025-09-08T00:00:00
Mocha Brown - Dark,3781,593f2b,2025-09-08T00:00:00,2025-09-08T00:00:00
Mocha Brown - Light,3782,b69d80,2025-09-08T00:00:00,2025-09-08T00:00:00
Brown Gray - Dark,3787,62524c,2025-09-08T00:00:00,2025-09-08T00:00:00
Beige Gray - Ultra Dark,3790,6d5a4b,2025-09-08T00:00:00,2025-09-08T00:00:00
Pewter Gray - Very Dark,3799,39393d,2025-09-08T00:00:00,2025-09-08T00:00:00
Melon - Very Dark,3801,e4353d,2025-09-08T00:00:00,2025-09-08T00:00:00
Antique Mauve - Very Dark,3802,627a33,2025-09-08T00:00:00,2025-09-08T00:00:00
Mauve - Dark,3803,827a43,2025-09-08T00:00:00,2025-09-08T00:00:00
Cyclamen Pink - Dark,3804,ce2b63,2025-09-08T00:00:00,2025-09-08T00:00:00
Cyclamen Pink,3805,df3c73,2025-09-08T00:00:00,2025-09-08T00:00:00
Cyclamen Pink - Light,3806,f15a91,2025-09-08T00:00:00,2025-09-08T00:00:00
Cornflower Blue,3807,4b599e,2025-09-08T00:00:00,2025-09-08T00:00:00
Turquoise - Ultra Very Dark,3808,03535c,2025-09-08T00:00:00,2025-09-08T00:00:00
Turquoise - Very Dark,3809,136a75,2025-09-08T00:00:00,2025-09-08T00:00:00
Turquoise - Dark,3810,2d8d98,2025-09-08T00:00:00,2025-09-08T00:00:00
Turquoise - Very Light,3811,a8e2e5,2025-09-08T00:00:00,2025-09-08T00:00:00
Seagreen - Very Dark,3812,07a184,2025-09-08T00:00:00,2025-09-08T00:00:00
Blue Green - Light,3813,86c3ab,2025-09-08T00:00:00,2025-09-08T00:00:00
Aquamarine,3814,0b8673,2025-09-08T00:00:00,2025-09-08T00:00:00
Celadon Green - Dark,3815,437259,2025-09-08T00:00:00,2025-09-08T00:00:00
Celadon Green,3816,60937a,2025-09-08T00:00:00,2025-09-08T00:00:00
Celadon Green - Light,3817,61c6a4,2025-09-08T00:00:00,2025-09-08T00:00:00
Emerald Green - Ultra Very Dark,3818,005d2e,2025-09-08T00:00:00,2025-09-08T00:00:00
Moss Green - Light,3819,ccc959,2025-09-08T00:00:00,2025-09-08T00:00:00
Straw - Dark,3820,dba53e,2025-09-08T00:00:00,2025-09-08T00:00:00
Straw,3821,ebbb52,2025-09-08T00:00:00,2025-09-08T00:00:00
Straw - Light,3822,f7d169,2025-09-08T00:00:00,2025-09-08T00:00:00
Yellow - Ultra Pale,3823,fef5cd,2025-09-08T00:00:00,2025-09-08T00:00:00
Apricot - Light,3824,fcae99,2025-09-08T00:00:00,2025-09-08T00:00:00
Pumpkin - Pale,3825,fea370,2025-09-08T00:00:00,2025-09-08T00:00:00
Golden Brown,3826,b16633,2025-09-08T00:00:00,2025-09-08T00:00:00
Golden Brown - Pale,3827,eaa664,2025-09-08T00:00:00,2025-09-08T00:00:00
Hazelnut Brown,3828,aa7c43,2025-09-08T00:00:00,2025-09-08T00:00:00
Old Gold - Very Dark,3829,a7671d,2025-09-08T00:00:00,2025-09-08T00:00:00
Terra Cotta,3830,a94138,2025-09-08T00:00:00,2025-09-08T00:00:00
Raspberry - Dark,3831,c12b52,2025-09-08T00:00:00,2025-09-08T00:00:00
Raspberry - Medium,3832,e36370,2025-09-08T00:00:00,2025-09-08T00:00:00
Raspberry - Light,3833,ea8b96,2025-09-08T00:00:00,2025-09-08T00:00:00
Grape - Dark,3834,6a2258,2025-09-08T00:00:00,2025-09-08T00:00:00
Grape - Medium,3835,924d78,2025-09-08T00:00:00,2025-09-08T00:00:00
Grape - Light,3836,c597b9,2025-09-08T00:00:00,2025-09-08T00:00:00
Lavender - Ultra Dark,3837,8a2a8f,2025-09-08T00:00:00,2025-09-08T00:00:00
Lavender Blue - Dark,3838,606bad,2025-09-08T00:00:00,2025-09-08T00:00:00
Lavender Blue - Medium,3839,7a7ec5,2025-09-08T00:00:00,2025-09-08T00:00:00
Lavender Blue - Light,3840,b2bdea,2025-09-08T00:00:00,2025-09-08T00:00:00
Baby Blue - Pale,3841,d9eaf2,2025-09-08T00:00:00,2025-09-08T00:00:00
Wedgewood - Dark,3842,06506a,2025-09-08T00:00:00,2025-09-08T00:00:00
Electric Blue,3843,28a3de,2025-09-08T00:00:00,2025-09-08T00:00:00
Bright Turquoise - Dark,3844,1f7fa0,2025-09-08T00:00:00,2025-09-08T00:00:00
Bright Turquoise - Medium,3845,2badd1,2025-09-08T00:00:00,2025-09-08T00:00:00
Bright Turquoise - Light,3846,5eccec,2025-09-08T00:00:00,2025-09-08T00:00:00
Teal Green - Dark,3847,186358,2025-09-08T00:00:00,2025-09-08T00:00:00
Teal Green - Medium,3848,207e72,2025-09-08T00:00:00,2025-09-08T00:00:00
Teal Green - Light,3849,35b193,2025-09-08T00:00:00,2025-09-08T00:00:00
Bright Green - Dark,3850,208b46,2025-09-08T00:00:00,2025-09-08T00:00:00
Bright Green - Light,3851,61bb84,2025-09-08T00:00:00,2025-09-08T00:00:00
Straw - Very Dark,3852,e3a730,2025-09-08T00:00:00,2025-09-08T00:00:00
Autumn Gold - Dark,3853,ef8125,2025-09-08T00:00:00,2025-09-08T00:00:00
Autumn Gold - Medium,3854,fbac56,2025-09-08T00:00:00,2025-09-08T00:00:00
Autumn Gold - Light,3855,fddfa0,2025-09-08T00:00:00,2025-09-08T00:00:00
Mahogany - Ultra Very Light,3856,fdbe8e,2025-09-08T00:00:00,2025-09-08T00:00:00
Rosewood - Dark,3857,6a2f26,2025-09-08T00:00:00,2025-09-08T00:00:00
Rosewood - Medium,3858,803a32,2025-09-08T00:00:00,2025-09-08T00:00:00
Rosewood - Light,3859,ba7a6c,2025-09-08T00:00:00,2025-09-08T00:00:00
Cocoa,3860,896362,2025-09-08T00:00:00,2025-09-08T00:00:00
Cocoa - Light,3861,ac8583,2025-09-08T00:00:00,2025-09-08T00:00:00
Mocha Beige - Dark,3862,6e492a,2025-09-08T00:00:00,2025-09-08T00:00:00
Mocha Beige - Medium,3863,94725d,2025-09-08T00:00:00,2025-09-08T00:00:00
Mocha Beige - Light,3864,c9aa92,2025-09-08T00:00:00,2025-09-08T00:00:00
Winter White,3865,fffdf9,2025-09-08T00:00:00,2025-09-08T00:00:00
Mocha Brown - Ultra Very Light,3866,f0e6d7,2025-09-08T00:00:00,2025-09-08T00:00:00
Shell Pink - Light,3880,bb6864,2025-09-08T00:00:00,2025-09-08T00:00:00
Green - Light,3881,bae4b6,2025-09-08T00:00:00,2025-09-08T00:00:00
Beige Brown - Dark,3882,5a3c2d,2025-09-08T00:00:00,2025-09-08T00:00:00
Orange Spice - Light,3883,f98756,2025-09-08T00:00:00,2025-09-08T00:00:00
Ash Gray - Very Light,3884,4b4b49,2025-09-08T00:00:00,2025-09-08T00:00:00
Baby Blue - Very Dark,3885,1f3279,2025-09-08T00:00:00,2025-09-08T00:00:00
Mauve - Very Dark,3886,79263b,2025-09-08T00:00:00,2025-09-08T00:00:00
Lavender - Very Dark,3887,9442a7,2025-09-08T00:00:00,2025-09-08T00:00:00
Antique Violet - Dark,3888,71535d,2025-09-08T00:00:00,2025-09-08T00:00:00
Lemon - Light,3889,fcf999,2025-09-08T00:00:00,2025-09-08T00:00:00
Peacock Blue - Light,3890,4b8aa1,2025-09-08T00:00:00,2025-09-08T00:00:00
Electric Blue - Dark,3891,0061b0,2025-09-08T00:00:00,2025-09-08T00:00:00
Tangerine,3892,fd6f1a,2025-09-08T00:00:00,2025-09-08T00:00:00
Beige Brown - Ultra Very Light,3893,ead0b5,2025-09-08T00:00:00,2025-09-08T00:00:00
Parrot Green - Light,3894,9dc72d,2025-09-08T00:00:00,2025-09-08T00:00:00
Beaver Gray - Dark,3895*,6b6860,2025-09-08T00:00:00,2025-09-08T00:00:00
Variegated - Baby Pink,48,,2025-09-08T00:00:00,2025-09-08T00:00:00
Variegated - Burnt Orange,51,,2025-09-08T00:00:00,2025-09-08T00:00:00
Variegated - Violet,52,,2025-09-08T00:00:00,2025-09-08T00:00:00
Variegated - Steel Grey,53,,2025-09-08T00:00:00,2025-09-08T00:00:00
Variegated - Baby Blue,67,,2025-09-08T00:00:00,2025-09-08T00:00:00
Variegated - Terra Cotta,69,,2025-09-08T00:00:00,2025-09-08T00:00:00
Variegated - Yellow,90,,2025-09-08T00:00:00,2025-09-08T00:00:00
Variegated - Avocado,92,,2025-09-08T00:00:00,2025-09-08T00:00:00
Variegated - Blue Haze,93,,2025-09-08T00:00:00,2025-09-08T00:00:00
Variegated - Khaki Green,94,,2025-09-08T00:00:00,2025-09-08T00:00:00
Variegated - Mauve,99,,2025-09-08T00:00:00,2025-09-08T00:00:00
Variegated - Tan/Brown,105,,2025-09-08T00:00:00,2025-09-08T00:00:00
Variegated - Coral,106,,2025-09-08T00:00:00,2025-09-08T00:00:00
Variegated - Carnation,107,,2025-09-08T00:00:00,2025-09-08T00:00:00
Variegated - Mustard,111,,2025-09-08T00:00:00,2025-09-08T00:00:00
Variegated - Garnet,115,,2025-09-08T00:00:00,2025-09-08T00:00:00
Variegated - Delft Blue,121,,2025-09-08T00:00:00,2025-09-08T00:00:00
Variegated - Seafoam Green,125,,2025-09-08T00:00:00,2025-09-08T00:00:00
Variegated - Just Cross Stitch,127,,2025-09-08T00:00:00,2025-09-08T00:00:00
Metallic - White,E5200,,2025-09-08T00:00:00,2025-09-08T00:00:00
Metallic - Gemstones,E130,,2025-09-08T00:00:00,2025-09-08T00:00:00
Metallic - Holiday Sparkle,E131,,2025-09-08T00:00:00,2025-09-08T00:00:00
Metallic - Midnight Madness,E133,,2025-09-08T00:00:00,2025-09-08T00:00:00
Metallic - Golden Dawn,E135,,2025-09-08T00:00:00,2025-09-08T00:00:00
Metallic - Emerald Isle,E136,,2025-09-08T00:00:00,2025-09-08T00:00:00
Metallic - Caribbean Ripples,E138,,2025-09-08T00:00:00,2025-09-08T00:00:00
Metallic - Carnival Fun,E140,,2025-09-08T00:00:00,2025-09-08T00:00:00
Metallic - All that Jazz,E141,,2025-09-08T00:00:00,2025-09-08T00:00:00
Metallic - Majestic Metals,E144,,2025-09-08T00:00:00,2025-09-08T00:00:00
Metallic - Tropical Delight,E146,,2025-09-08T00:00:00,2025-09-08T00:00:00
Metallic - Purple Essence,E148,,2025-09-08T00:00:00,2025-09-08T00:00:00
Metallic - Deep Water Blue,E150,d00153,2025-09-08T00:00:00,2025-09-08T00:00:00
Metallic - Pink Shimmer,E152,e1a1a1,2025-09-08T00:00:00,2025-09-08T00:00:00
Metallic - Opalescent Rays,E154,4b233a,2025-09-08T00:00:00,2025-09-08T00:00:00
Metallic - Amethyst,E155,9774b6,2025-09-08T00:00:00,2025-09-08T00:00:00
Metallic - Silver,E168,b1aeb7,2025-09-08T00:00:00,2025-09-08T00:00:00
Metallic - Lilac,E211,e5bded,2025-09-08T00:00:00,2025-09-08T00:00:00
Metallic - Copper,E301,aa5237,2025-09-08T00:00:00,2025-09-08T00:00:00
Metallic - Ebony,E310,000000,2025-09-08T00:00:00,2025-09-08T00:00:00
Metallic - Pink Amethyst,E316,bc757f,2025-09-08T00:00:00,2025-09-08T00:00:00
Metallic - Titanium,E317,6d6469,2025-09-08T00:00:00,2025-09-08T00:00:00
Metallic - Red Ruby,E321,bd1136,2025-09-08T00:00:00,2025-09-08T00:00:00
Metallic - Blue Topaz,E334,6085b8,2025-09-08T00:00:00,2025-09-08T00:00:00
Metallic - Pewter,E415,b8b9bd,2025-09-08T00:00:00,2025-09-08T00:00:00
Metallic - Golden Oak,E436,c78559,2025-09-08T00:00:00,2025-09-08T00:00:00
Metallic - White Gold,E677,f2dc9f,2025-09-08T00:00:00,2025-09-08T00:00:00
Metallic - Green Emerald,E699,075b26,2025-09-08T00:00:00,2025-09-08T00:00:00
Metallic - Light Green Emerald,E703,63b330,2025-09-08T00:00:00,2025-09-08T00:00:00
Metallic - Pink Garnet,E718,cb2089,2025-09-08T00:00:00,2025-09-08T00:00:00
Metallic - Cream,E746,faf2d5,2025-09-08T00:00:00,2025-09-08T00:00:00
Metallic - Baby Blue,E747,cee9ea,2025-09-08T00:00:00,2025-09-08T00:00:00
Metallic - Dark Red Ruby,E815,800b34,2025-09-08T00:00:00,2025-09-08T00:00:00
Metallic - Soft Pink,E818,fededd,2025-09-08T00:00:00,2025-09-08T00:00:00
Metallic - Blue Sapphire,E825,34588f,2025-09-08T00:00:00,2025-09-08T00:00:00
Metallic - Dark Oak,E898,532f1b,2025-09-08T00:00:00,2025-09-08T00:00:00
Metallic - Lime,E966,94d28a,2025-09-08T00:00:00,2025-09-08T00:00:00
Metallic - Soft Peach,E967,ffc2ac,2025-09-08T00:00:00,2025-09-08T00:00:00
Metallic - Rosewood,E3685,79273b,2025-09-08T00:00:00,2025-09-08T00:00:00
Metallic - Sky Blue,E3747,b8cce4,2025-09-08T00:00:00,2025-09-08T00:00:00
Metallic - Light Gold,E3821,eabd00,2025-09-08T00:00:00,2025-09-08T00:00:00
Metallic - Purple Ruby,E3837,7030a0,2025-09-08T00:00:00,2025-09-08T00:00:00
Metallic - Light Blue Sapphire,E3843,00b0f0,2025-09-08T00:00:00,2025-09-08T00:00:00
Metallic - Aquamarine Blue,E3849,00ff99,2025-09-08T00:00:00,2025-09-08T00:00:00
Metallic - Dark Gold,E3852,cca500,2025-09-08T00:00:00,2025-09-08T00:00:00
Neon - Neon Yellow,E980,f0ff00,2025-09-08T00:00:00,2025-09-08T00:00:00
Neon - Neon Green,E990,06ec21,2025-09-08T00:00:00,2025-09-08T00:00:00
Fluorescents - Lemon Zest,E985,ffff00,2025-09-08T00:00:00,2025-09-08T00:00:00
Fluorescents - Key Lime Splash,E987,00f1b0,2025-09-08T00:00:00,2025-09-08T00:00:00
Fluorescents - Melon Blast,E995,ff3667,2025-09-08T00:00:00,2025-09-08T00:00:00
Fluorescents - Tropical Pink,E1010,ff3697,2025-09-08T00:00:00,2025-09-08T00:00:00
Fluorescents - Bright Orange,E1020,ff5e00,2025-09-08T00:00:00,2025-09-08T00:00:00
Fluorescents - Tangerine Zing,E1024,ff9f5f,2025-09-08T00:00:00,2025-09-08T00:00:00
Fluorescents - Blueberry Blast,E1026,5e59b9,2025-09-08T00:00:00,2025-09-08T00:00:00
Fluorescents - Bright Blue,E1040,32cfff,2025-09-08T00:00:00,2025-09-08T00:00:00
Fluorescents - Luminous Lavender,E1050,9256a2,2025-09-08T00:00:00,2025-09-08T00:00:00
Fluorescents - Raspberry Rush,E1055,bc23a2,2025-09-08T00:00:00,2025-09-08T00:00:00
Glow-In-The-Dark,E940,ffffff,2025-09-08T00:00:00,2025-09-08T00:00:00
Metallic Pearl - Gold,5282,f2ae3f,2025-09-08T00:00:00,2025-09-08T00:00:00
Metallic Pearl - Silver,5283,c5c4c9,2025-09-08T00:00:00,2025-09-08T00:00:00
Variations - Winter Sky,4010,,2025-09-08T00:00:00,2025-09-08T00:00:00
Variations - Stormy Skies,4015,,2025-09-08T00:00:00,2025-09-08T00:00:00
Variations - Tropical Waters,4020,,2025-09-08T00:00:00,2025-09-08T00:00:00
Variations - Caribbean Bay,4025,,2025-09-08T00:00:00,2025-09-08T00:00:00
Variations - Monet's Garden,4030,,2025-09-08T00:00:00,2025-09-08T00:00:00
Variations - Water Lillies,4040,,2025-09-08T00:00:00,2025-09-08T00:00:00
Variations - Evergreen Forest,4045,,2025-09-08T00:00:00,2025-09-08T00:00:00
Variations - Roaming Pastures,4050,,2025-09-08T00:00:00,2025-09-08T00:00:00
Variations - Weeping Willow,4060,,2025-09-08T00:00:00,2025-09-08T00:00:00
Variations - Morning Meadow,4065,,2025-09-08T00:00:00,2025-09-08T00:00:00
Variations - Autumn Leaves,4070,,2025-09-08T00:00:00,2025-09-08T00:00:00
Variations - Wheat Fields,4075,,2025-09-08T00:00:00,2025-09-08T00:00:00
Variations - Morning Sunshine,4077,,2025-09-08T00:00:00,2025-09-08T00:00:00
Variations - Daffodil Fields,4080,,2025-09-08T00:00:00,2025-09-08T00:00:00
Variations - Golden Oasis,4090,,2025-09-08T00:00:00,2025-09-08T00:00:00
Variations - Summer Breeze,4100,,2025-09-08T00:00:00,2025-09-08T00:00:00
Variations - Sunrise,4110,,2025-09-08T00:00:00,2025-09-08T00:00:00
Variations - Tropical Sunset,4120,,2025-09-08T00:00:00,2025-09-08T00:00:00
Variations - Bonfire,4124,,2025-09-08T00:00:00,2025-09-08T00:00:00
Variations - Desert Canyon,4126,,2025-09-08T00:00:00,2025-09-08T00:00:00
Variations - Gold Coast,4128,,2025-09-08T00:00:00,2025-09-08T00:00:00
Variations - Chilean Sunset,4130,,2025-09-08T00:00:00,2025-09-08T00:00:00
Variations - Driftwood,4140,,2025-09-08T00:00:00,2025-09-08T00:00:00
Variations - Sandune,4145,,2025-09-08T00:00:00,2025-09-08T00:00:00
Variations - Desert Sand,4150,,2025-09-08T00:00:00,2025-09-08T00:00:00
Variations - Glistening Pearl,4160,,2025-09-08T00:00:00,2025-09-08T00:00:00
Variations - Whispering Wind,4170,,2025-09-08T00:00:00,2025-09-08T00:00:00
Variations - Rose Petals,4180,,2025-09-08T00:00:00,2025-09-08T00:00:00
Variations - Ocean Coral,4190,,2025-09-08T00:00:00,2025-09-08T00:00:00
Variations - Wild Fire,4200,,2025-09-08T00:00:00,2025-09-08T00:00:00
Variations - Radiant Ruby,4210,,2025-09-08T00:00:00,2025-09-08T00:00:00
Variations - Northern Lights,4215,,2025-09-08T00:00:00,2025-09-08T00:00:00
Variations - Lavender Fields,4220,,2025-09-08T00:00:00,2025-09-08T00:00:00
Variations - Crystal Water,4230,,2025-09-08T00:00:00,2025-09-08T00:00:00
Variations - Arctic Sea,4235,,2025-09-08T00:00:00,2025-09-08T00:00:00
Variations - Mid Summer Night,4240,,2025-09-08T00:00:00,2025-09-08T00:00:00
Coloris - Columbine Gardens,4500,,2025-09-08T00:00:00,2025-09-08T00:00:00
Coloris - Wildflowers,4501,,2025-09-08T00:00:00,2025-09-08T00:00:00
Coloris - Camelia,4502,,2025-09-08T00:00:00,2025-09-08T00:00:00
Coloris - Wisteria,4503,,2025-09-08T00:00:00,2025-09-08T00:00:00
Coloris - Hydrangea,4504,,2025-09-08T00:00:00,2025-09-08T00:00:00
Coloris - Heather,4505,,2025-09-08T00:00:00,2025-09-08T00:00:00
Coloris - Spring,4506,,2025-09-08T00:00:00,2025-09-08T00:00:00
Coloris - Bouginvillea,4507,,2025-09-08T00:00:00,2025-09-08T00:00:00
Coloris - Frosted Countryside,4508,,2025-09-08T00:00:00,2025-09-08T00:00:00
Coloris - Granite Coast,4509,,2025-09-08T00:00:00,2025-09-08T00:00:00
Coloris - Maple,4510,,2025-09-08T00:00:00,2025-09-08T00:00:00
Coloris - Indian Summer,4511,,2025-09-08T00:00:00,2025-09-08T00:00:00
Coloris - States,4512,,2025-09-08T00:00:00,2025-09-08T00:00:00
Coloris - London,4513,,2025-09-08T00:00:00,2025-09-08T00:00:00
Coloris - Venice,4514,,2025-09-08T00:00:00,2025-09-08T00:00:00
Coloris - Paris,4515,,2025-09-08T00:00:00,2025-09-08T00:00:00
Coloris - Black Forest,4516,,2025-09-08T00:00:00,2025-09-08T00:00:00
Coloris - Elves,4517,,2025-09-08T00:00:00,2025-09-08T00:00:00
Coloris - Cottage,4518,,2025-09-08T00:00:00,2025-09-08T00:00:00
Coloris - Jingle Bells,4519,,2025-09-08T00:00:00,2025-09-08T00:00:00
Coloris - Christmas Story,4520,,2025-09-08T00:00:00,2025-09-08T00:00:00
Coloris - Wide Open Spaces,4521,,2025-09-08T00:00:00,2025-09-08T00:00:00
Coloris - Canadian Night,4522,,2025-09-08T00:00:00,2025-09-08T00:00:00
Coloris - North Wind,4523,,2025-09-08T00:00:00,2025-09-08T00:00:00
Étoile - White,CBlanc,,2025-09-08T00:00:00,2025-09-08T00:00:00
Étoile - Ecru/off-white,CEcru,,2025-09-08T00:00:00,2025-09-08T00:00:00
Étoile - Black,C310,000000,2025-09-08T00:00:00,2025-09-08T00:00:00
Étoile - Steel Gray - Light,C318,999b9d,2025-09-08T00:00:00,2025-09-08T00:00:00
Étoile - Red,C321,bd1136,2025-09-08T00:00:00,2025-09-08T00:00:00
Étoile - Pearl Grey,C415,b8b9bd,2025-09-08T00:00:00,2025-09-08T00:00:00
Étoile - Brown - Medium,C433,73421e,2025-09-08T00:00:00,2025-09-08T00:00:00
Étoile - Tan,C436,c78559,2025-09-08T00:00:00,2025-09-08T00:00:00
Étoile - Lemon - Dark,C444,f5bc13,2025-09-08T00:00:00,2025-09-08T00:00:00
Étoile - Avocado Green - Very Light,C471,9eb357,2025-09-08T00:00:00,2025-09-08T00:00:00
Étoile - Sky Blue,C519,94b7cb,2025-09-08T00:00:00,2025-09-08T00:00:00
Étoile - Violet - Very Dark,C550,580e5c,2025-09-08T00:00:00,2025-09-08T00:00:00
Étoile - Violet - Light,C554,dc9cde,2025-09-08T00:00:00,2025-09-08T00:00:00
Étoile - Cranberry - Very Dark,C600,bf1c48,2025-09-08T00:00:00,2025-09-08T00:00:00
Étoile - Cranberry,C603,e4446e,2025-09-08T00:00:00,2025-09-08T00:00:00
Étoile - Red - Bright,C666,ce1b33,2025-09-08T00:00:00,2025-09-08T00:00:00
Étoile - Green,C699,075b26,2025-09-08T00:00:00,2025-09-08T00:00:00
Étoile - Topaz,C725,f9c15b,2025-09-08T00:00:00,2025-09-08T00:00:00
Étoile - Tan - Very Light,C738,e2b783,2025-09-08T00:00:00,2025-09-08T00:00:00
Étoile - Tangerine,C740,fd6f1a,2025-09-08T00:00:00,2025-09-08T00:00:00
Étoile - Delft Blue - Dark,C798,4e5ca7,2025-09-08T00:00:00,2025-09-08T00:00:00
Étoile - Garnet - Dark,C814,711033,2025-09-08T00:00:00,2025-09-08T00:00:00
Étoile - Garnet,C816,921238,2025-09-08T00:00:00,2025-09-08T00:00:00
Étoile - Royal Blue - Very Dark,C820,151264,2025-09-08T00:00:00,2025-09-08T00:00:00
Étoile - Blue - Dark,C823,000b44,2025-09-08T00:00:00,2025-09-08T00:00:00
Étoile - Beige Brown - Medium,C840,7a5939,2025-09-08T00:00:00,2025-09-08T00:00:00
Étoile - Pistachio Green - Ultra Dark,C890,324233,2025-09-08T00:00:00,2025-09-08T00:00:00
Étoile - Burnt Orange - Dark,C900,c63117,2025-09-08T00:00:00,2025-09-08T00:00:00
Étoile - Parrot Green - Light,C907,9dc72d,2025-09-08T00:00:00,2025-09-08T00:00:00
Étoile - Plum - Dark,C915,95085a,2025-09-08T00:00:00,2025-09-08T00:00:00
Étoile - Coffee Brown - Ultra Dark,C938,45271a,2025-09-08T00:00:00,2025-09-08T00:00:00
Étoile - Canary - Deep,C972,fb9f11,2025-09-08T00:00:00,2025-09-08T00:00:00
Étoile - Electric Blue - Dark,C995,0061b0,2025-09-08T00:00:00,2025-09-08T00:00:00
Étoile - Black Brown,C3371,36220e,2025-09-08T00:00:00,2025-09-08T00:00:00
Étoile - Pewter Gray - Very Dark,C3799,39393d,2025-09-08T00:00:00,2025-09-08T00:00:00
Satin - Snow White,S5200,ffffff,2025-09-08T00:00:00,2025-09-08T00:00:00
Satin - Lavender,S211,e5bded,2025-09-08T00:00:00,2025-09-08T00:00:00
Satin - Lemon,S307,fde949,2025-09-08T00:00:00,2025-09-08T00:00:00
Satin - Black,S310,000000,2025-09-08T00:00:00,2025-09-08T00:00:00
Satin - Red,S321,bd1136,2025-09-08T00:00:00,2025-09-08T00:00:00
Satin - Rose,S326,ac1c37,2025-09-08T00:00:00,2025-09-08T00:00:00
Satin - Blue,S336,0d275,2025-09-08T00:00:00,2025-09-08T00:00:00
Satin - Coral,S351,ed625b,2025-09-08T00:00:00,2025-09-08T00:00:00
Satin - Coral Light,S352,f78372,2025-09-08T00:00:00,2025-09-08T00:00:00
Satin - Pistachio Green,S367,446b45,2025-09-08T00:00:00,2025-09-08T00:00:00
Satin - Steel Grey,S414,766e72,2025-09-08T00:00:00,2025-09-08T00:00:00
Satin - Pearl Grey,S415,b8b9bd,2025-09-08T00:00:00,2025-09-08T00:00:00
Satin - Brown,S434,8e5231,2025-09-08T00:00:00,2025-09-08T00:00:00
Satin - Avacado Green,S469,5a6631,2025-09-08T00:00:00,2025-09-08T00:00:00
Satin - Avocado Green Very Light,S471,9eb357,2025-09-08T00:00:00,2025-09-08T00:00:00
Satin - Avocado Green Ultra Light,S472,d1de75,2025-09-08T00:00:00,2025-09-08T00:00:00
Satin - Blue Green Dark,S501,2e5447,2025-09-08T00:00:00,2025-09-08T00:00:00
Satin - Blue Green,S504,acdac1,2025-09-08T00:00:00,2025-09-08T00:00:00
Satin - Violet Dark,S550,580e5c,2025-09-08T00:00:00,2025-09-08T00:00:00
Satin - Violet Medium,S552,902f99,2025-09-08T00:00:00,2025-09-08T00:00:00
Satin - Violet,S553,a348ac,2025-09-08T00:00:00,2025-09-08T00:00:00
Satin - Cranberry Dark,S601,c62a53,2025-09-08T00:00:00,2025-09-08T00:00:00
Satin - Cranberry,S602,d63f68,2025-09-08T00:00:00,2025-09-08T00:00:00
Satin - Orange Red,S606,f70f00,2025-09-08T00:00:00,2025-09-08T00:00:00
Satin - Red Bright,S666,cf1b32,2025-09-08T00:00:00,2025-09-08T00:00:00
Satin - Old Gold,S676,edbf7e,2025-09-08T00:00:00,2025-09-08T00:00:00
Satin - Green,S700,076c34,2025-09-08T00:00:00,2025-09-08T00:00:00
Satin - Kelly Green,S702,379130,2025-09-08T00:00:00,2025-09-08T00:00:00
Satin - Cream,S712,f6efda,2025-09-08T00:00:00,2025-09-08T00:00:00
Satin - Topaz,S726,fddb63,2025-09-08T00:00:00,2025-09-08T00:00:00
Satin - Tan Dark,S738,e1b883,2025-09-08T00:00:00,2025-09-08T00:00:00
Satin - Tan,S739,f3deb9,2025-09-08T00:00:00,2025-09-08T00:00:00
Satin - Tangerine,S741,fc8b10,2025-09-08T00:00:00,2025-09-08T00:00:00
Satin - Yellow,S744,fee88d,2025-09-08T00:00:00,2025-09-08T00:00:00
Satin - Yellow Pale,S745,feeba5,2025-09-08T00:00:00,2025-09-08T00:00:00
Satin - Pearl Grey,S762,d1d0d2,2025-09-08T00:00:00,2025-09-08T00:00:00
Satin - Pink,S776,fca8ad,2025-09-08T00:00:00,2025-09-08T00:00:00
Satin - Royal Blue,S797,2b3288,2025-09-08T00:00:00,2025-09-08T00:00:00
Satin - Delft Blue Dark,S798,4e5ca7,2025-09-08T00:00:00,2025-09-08T00:00:00
Satin - Delft Blue,S799,6b7fc0,2025-09-08T00:00:00,2025-09-08T00:00:00
Satin - Delft Blue Pale,S800,b5c7e9,2025-09-08T00:00:00,2025-09-08T00:00:00
Satin - Baby Pink,S818,fededd,2025-09-08T00:00:00,2025-09-08T00:00:00
Satin - Royal Blue Very Dark,S820,151264,2025-09-08T00:00:00,2025-09-08T00:00:00
Satin - Beige Brown,S841,a37d64,2025-09-08T00:00:00,2025-09-08T00:00:00
Satin - Coffee Brown,S898,532f1b,2025-09-08T00:00:00,2025-09-08T00:00:00
Satin - Rose,S899,ea6b78,2025-09-08T00:00:00,2025-09-08T00:00:00
Satin - Emerald Green,S909,116b44,2025-09-08T00:00:00,2025-09-08T00:00:00
Satin - Plum Dark,S915,95085b,2025-09-08T00:00:00,2025-09-08T00:00:00
Satin - Antique Blue,S931,667684,2025-09-08T00:00:00,2025-09-08T00:00:00
Satin - Antique Blue Light,S932,92a0af,2025-09-08T00:00:00,2025-09-08T00:00:00
Satin - Aquamarine,S943,009a77,2025-09-08T00:00:00,2025-09-08T00:00:00
Satin - Seagreen,S959,72d0b7,2025-09-08T00:00:00,2025-09-08T00:00:00
Satin - Seagren Light,S964,a6e4d5,2025-09-08T00:00:00,2025-09-08T00:00:00
Satin - Golden Brown,S976,cf7532,2025-09-08T00:00:00,2025-09-08T00:00:00
Satin - Aquamarine Dark,S991,135f55,2025-09-08T00:00:00,2025-09-08T00:00:00
Satin - Electric Blue,S995,0061b0,2025-09-08T00:00:00,2025-09-08T00:00:00
Satin - Black Brown,S3371,36220e,2025-09-08T00:00:00,2025-09-08T00:00:00
Satin - Plum,S3607,db4b9e,2025-09-08T00:00:00,2025-09-08T00:00:00
Satin - Mauve,S3685,79263b,2025-09-08T00:00:00,2025-09-08T00:00:00
Satin - Straw,S3820,dba53e,2025-09-08T00:00:00,2025-09-08T00:00:00